cps21_ResponseId,cps21_imp_iss,"Economy, Jobs & Inflation",Healthcare & Senior Care,Climate Change & Environment,COVID-19 Pandemic Response & Preparedness,Housing Affordability & Homelessness,Indigenous Peoples & Reconciliation,"Government Leadership, Ethics & Accountability","National Unity, Quebec & Regional Issues","Law, Order & Public Safety","Social Programs, Education & Childcare",Immigration & Multiculturalism,"Foreign Policy, Defence & International Relations",No Opinion / Uncertain
R_2OQ5kJ8KyhMekdQ,Le Québec,no,no,no,no,no,no,no,yes,no,no,no,no,no
R_2xGmWkuRUpnUQRm,Relance économique,yes,no,no,no,no,no,no,no,no,no,no,no,no
R_2BnE9Xfibuhk68i,Senior care,no,yes,no,no,no,no,no,no,no,no,no,no,no
R_1qVU4nDeaC1ophN,Environnement,no,no,yes,no,no,no,no,no,no,no,no,no,no
R_11hfXEdEnNUiLaA,Indigenous relations,no,no,no,no,no,yes,no,no,no,no,no,no,no
R_SSLwZQtDM6668yB,Environment,no,no,yes,no,no,no,no,no,no,no,no,no,no
R_3NwxS9JHR1uNxDn,Climate change,no,no,yes,no,no,no,no,no,no,no,no,no,no
R_23TNThmL6sIz3uy,Health,no,yes,no,no,no,no,no,no,no,no,no,no,no
R_3GuMJtR5xCE1feD,economy,yes,no,no,no,no,no,no,no,no,no,no,no,no
R_2VpBg4hymxA6rFH,-99,no,no,no,no,no,no,no,no,no,no,no,no,yes
R_2CKswPLvtd4WgjE,La vaccination obligatoire,no,no,no,yes,no,no,no,no,no,no,no,no,no
R_1prtRjkAu6f6Eul,DO NOT VOTE FOR PM,no,no,no,no,no,no,yes,no,no,no,no,no,no
R_1hSHNz8uyKMfhQQ,"Taxes, Covid, Immigration",yes,no,no,yes,no,no,no,no,no,no,yes,no,no
R_2pJiWql5dLLCwrp,Covid procedures and the economy,yes,no,no,yes,no,no,no,no,no,no,no,no,no
R_bqmsVUvU6OWc73r,Fiscal Responsibility,yes,no,no,no,no,no,no,no,no,no,no,no,no
R_1OpIuNDt2hAvXBk,Santé,no,yes,no,no,no,no,no,no,no,no,no,no,no
R_WlBItGpYcq1FOxz,ENVIRONNEMENT,no,no,yes,no,no,no,no,no,no,no,no,no,no
R_2TYkOQOTN3X4gzW,Economy,yes,no,no,no,no,no,no,no,no,no,no,no,no
R_eF1ug7ilnN7xGSJ,Getting rid of tyrant leaders,no,no,no,no,no,no,yes,no,no,no,no,no,no
R_QcxCHyPubfFd4m5,Return to normalcy after covid-19,no,no,no,yes,no,no,no,no,no,no,no,no,no
R_1rPohlRmxTeNqjG,Health care,no,yes,no,no,no,no,no,no,no,no,no,no,no
R_ysbT8wv0L53qUtb,Climat,no,no,yes,no,no,no,no,no,no,no,no,no,no
R_1gRvBZddWYSjza8,MONEY,yes,no,no,no,no,no,no,no,no,no,no,no,no
R_tFLmEKQmtCPaT4Z,get rid of Trudeau,no,no,no,no,no,no,yes,no,no,no,no,no,no
R_2thg8H0NJgi1MaX,Jobs,yes,no,no,no,no,no,no,no,no,no,no,no,no
R_3g6GGuejuglyy5g,putting Covid behind us and getting Canadian values back,no,no,no,yes,no,no,no,no,no,no,no,no,no
R_2VDvDhp9ppBqW5q,Pipeline Construction,yes,no,yes,no,no,no,no,yes,no,no,no,no,no
R_3qO0hPcOt3LtmlY,pandemic recovery,yes,no,no,yes,no,no,no,no,no,no,no,no,no
R_3qrhp66MdrYc9zn,Respect for constitutional rights and the illegal actions of government during the CCP pandemic,no,no,no,yes,no,no,yes,no,yes,no,no,no,no
R_1o7imHrEQnzFu0q,Climate change,no,no,yes,no,no,no,no,no,no,no,no,no,no
R_12sf0Jm37EYhHLs,Helping muslims feel safe,no,no,no,no,no,no,no,no,yes,no,yes,no,no
R_1OpFL9h1b5mylpv,Environment,no,no,yes,no,no,no,no,no,no,no,no,no,no
R_3HSsysPex5vWqD0,Lowering the cost of living,yes,no,no,no,no,no,no,no,no,no,no,no,no
R_3NHRguLHepRWNu9,Les changements climatiques,no,no,yes,no,no,no,no,no,no,no,no,no,no
R_DT3XqXdcXVdaepb,Seniors Care,no,yes,no,no,no,no,no,no,no,no,no,no,no
R_BEtXvsLw2aLw253,Health care,no,yes,no,no,no,no,no,no,no,no,no,no,no
R_1BMnG3reYPDxyVj,Le déficit financier,yes,no,no,no,no,no,no,no,no,no,no,no,no
R_3n63rguvTVfcsWA,Long term debt and how we are going to pay it back,yes,no,no,no,no,no,no,no,no,no,no,no,no
R_cNjVz4ca7ztpak9,L'environnement les changements climatiques,no,no,yes,no,no,no,no,no,no,no,no,no,no
R_31ckhbSSMegvtym,Senior care,no,yes,no,no,no,no,no,no,no,no,no,no,no
R_1hBbO9VBrHvnfQO,Healthcare,no,yes,no,no,no,no,no,no,no,no,no,no,no
R_AMAdU6OTBrvUBKF,housing,no,no,no,no,yes,no,no,no,no,no,no,no,no
R_T7nQydPf35i1utX,"non-antagonistic, non-imperialist foreign policy with other countries",no,no,no,no,no,no,no,no,no,no,no,yes,no
R_3FOMEohqv1FG0aJ,Health care,no,yes,no,no,no,no,no,no,no,no,no,no,no
R_qI2Ds9vckEpRSI9,La fin de la PCRE,yes,no,no,yes,no,no,no,no,no,no,no,no,no
R_AvUBPG5rVBYukSt,Covid,no,no,no,yes,no,no,no,no,no,no,no,no,no
R_1CkLowLgbuhZOPv,The economy and jobs.,yes,no,no,no,no,no,no,no,no,no,no,no,no
R_Wd2twxmLyLNRpzb,Taxes,yes,no,no,no,no,no,no,no,no,no,no,no,no
R_3soZ32XDDlGW1z7,Chercher un bon administrateur pour le pays.,no,no,no,no,no,no,yes,no,no,no,no,no,no
R_1CHnVFpkEcpBSe2,Housing affordability,no,no,no,no,yes,no,no,no,no,no,no,no,no
R_1f1LCHIvcfeQGqW,Election system,no,no,no,no,no,no,yes,no,no,no,no,no,no
R_2XjuVkUPrbdCYVP,"Survey Feedback:  Please include a progress bar so participants can see their progress.  Please increase the reward for the survey if there is no progress bar to reflect the inconvenience.housing crisis, ending first past the post, first nations reconsiliation, climate change",no,no,yes,no,yes,yes,no,no,no,no,no,no,no
R_24ufSjHEwcjRWRT,Les valeurs canadiennes,no,no,no,no,no,no,no,yes,no,no,yes,no,no
R_ZxacPcweEPIuEGR,Covid 19 management & economic recovery,yes,no,no,yes,no,no,no,no,no,no,no,no,no
R_1CjywXvkPwhACdb,Climate change,no,no,yes,no,no,no,no,no,no,no,no,no,no
R_1LcUUN0jH1YHu31,Canadian health system,no,yes,no,no,no,no,no,no,no,no,no,no,no
R_eXrz2Wq9xBOeiul,Choisir le bon premier ministre,no,no,no,no,no,no,yes,no,no,no,no,no,no
R_2saQS2vfv7I173M,deficit an debt,yes,no,no,no,no,no,no,no,no,no,no,no,no
R_NWlZPJJVR1pDL33,housing availability and pricing,no,no,no,no,yes,no,no,no,no,no,no,no,no
R_3lxGq08DH6PFdv0,Économie,yes,no,no,no,no,no,no,no,no,no,no,no,no
R_1Hc90MH2wrxnZkV,Healthcare,no,yes,no,no,no,no,no,no,no,no,no,no,no
R_12MszYTHACpHm08,COVID-19,no,no,no,yes,no,no,no,no,no,no,no,no,no
R_233OLiAXwJ4vvPE,Économie,yes,no,no,no,no,no,no,no,no,no,no,no,no
R_1MLguj00MH2eawo,Impôt,yes,no,no,no,no,no,no,no,no,no,no,no,no
R_5tG5eXKvrH3FIZP,The truth.  Enough BS already.,no,no,no,no,no,no,yes,no,no,no,no,no,no
R_1pJRMuvfQIm3Gq3,Covid Recovery,no,no,no,yes,no,no,no,no,no,no,no,no,no
R_1d6S9M9WKJp9C9n,Getting Trudeau out,no,no,no,no,no,no,yes,no,no,no,no,no,no
R_3HjYpA21wvVlqLD,Electoral reform,no,no,no,no,no,no,yes,no,no,no,no,no,no
R_3CJJdtv6c0YoN4o,Having a leader that actually cares for their people and country,no,no,no,no,no,no,yes,no,no,no,no,no,no
R_1Ff9LBXeCfiZjTb,Freedom rights,no,no,no,no,no,no,yes,no,no,no,no,no,no
R_11hzyC6EI3oeur1,Healthcare,no,yes,no,no,no,no,no,no,no,no,no,no,no
R_2wv6BZPuSZwJxo8,Education,no,no,no,no,no,no,no,no,no,yes,no,no,no
R_1GHU3MjMpofSCkl,environment,no,no,yes,no,no,no,no,no,no,no,no,no,no
R_1CvIoiNbzRWSkUq,Diversity and inclusion,no,no,no,no,no,no,no,no,no,no,yes,no,no
R_2uwUzmrnELKI4bQ,healthcare,no,yes,no,no,no,no,no,no,no,no,no,no,no
R_Y2XKRN1YDSVmgX7,Get rid of catch and release,no,no,no,no,no,no,no,no,yes,no,no,no,no
R_3jdmo7zkgR4Fqd7,climate change and environmental issues,no,no,yes,no,no,no,no,no,no,no,no,no,no
R_XMniyKSZMmXqMRX,améliorer la qualité de vie des canadiens,no,yes,no,no,no,no,no,no,no,yes,no,no,no
R_2uPahKuRlCZZn8Z,Budget,yes,no,no,no,no,no,no,no,no,no,no,no,no
R_2qBJQiSBZsOzSud,that we be led by elected officials that care for citizens not themselves,no,no,no,no,no,no,yes,no,no,no,no,no,no
R_w1adWDKONHJbTOx,Economic recovery,yes,no,no,no,no,no,no,no,no,no,no,no,no
R_1puQDU5ROEE4xuw,The economy,yes,no,no,no,no,no,no,no,no,no,no,no,no
R_3FRtgQbJCDJMr54,Économie,yes,no,no,no,no,no,no,no,no,no,no,no,no
R_3g2fEGk4z9BJebU,COVID-19,no,no,no,yes,no,no,no,no,no,no,no,no,no
R_1hBaeWcgo8eR2Vo,Affordability,yes,no,no,no,yes,no,no,no,no,no,no,no,no
R_3pfgTEbbklqdWsk,Lowering the deficit,yes,no,no,no,no,no,no,no,no,no,no,no,no
R_3dQAiJKKhgY0f6I,Healthcare,no,yes,no,no,no,no,no,no,no,no,no,no,no
R_2Veku0IW7Y1hPcm,National unity,no,no,no,no,no,no,no,yes,no,no,no,no,no
R_3nix5oG9CWtpy1k,housing,no,no,no,no,yes,no,no,no,no,no,no,no,no
R_2RUJ5CNcoItbQcI,Le contrôle de la dette pour les générations futures,yes,no,no,no,no,no,no,no,no,no,no,no,no
R_1iqG4qSn75pQHSN,Getting Trudeau out of office,no,no,no,no,no,no,yes,no,no,no,no,no,no
R_ONzbFsmC6kEgsZX,THAT CERB DOES NOT NEED TO BE REPAID,yes,no,no,yes,no,no,no,no,no,yes,no,no,no
R_1CEJRHkhIoq52Eb,Environnement,no,no,yes,no,no,no,no,no,no,no,no,no,no
R_1F8LnqyRXVFFuPC,Health care,no,yes,no,no,no,no,no,no,no,no,no,no,no
R_6x6Pz96UV0Svx9n,economy,yes,no,no,no,no,no,no,no,no,no,no,no,no
R_3lLYh1NY1XHD4wE,None,no,no,no,no,no,no,no,no,no,no,no,no,yes
R_1QtQePsw0ZQgqw0,Taxes,yes,no,no,no,no,no,no,no,no,no,no,no,no
R_AHDWxti7N6MXbxv,Identité,no,no,no,no,no,no,no,yes,no,no,no,no,no
R_27eE5PByKHRXWht,Environnement (climat),no,no,yes,no,no,no,no,no,no,no,no,no,no
R_Yb2NJKwyNGMccaR,La situation Covid et sa gestion pan canadienne,no,no,no,yes,no,no,no,no,no,no,no,no,no
R_cTQ0KbrDJuIk6Gd,Discrimination against indigenous people,no,no,no,no,no,yes,no,no,no,no,no,no,no
R_3qEVp5p6LZgnjd2,Our country’s financial future,yes,no,no,no,no,no,no,no,no,no,no,no,no
R_3EMZGttQ7oaoptk,Climate change,no,no,yes,no,no,no,no,no,no,no,no,no,no
R_3HYMFPS9mnkrWS6,healthcare,no,yes,no,no,no,no,no,no,no,no,no,no,no
R_3fd6fpqBOGsNeHp,the health care system,no,yes,no,no,no,no,no,no,no,no,no,no,no
R_1IfLh0VGmcQdYsH,climate change,no,no,yes,no,no,no,no,no,no,no,no,no,no
R_3Es7VlnQlsnNLTd,I don’t know,no,no,no,no,no,no,no,no,no,no,no,no,yes
R_2qxd5gxZTUpBBKG,Dealing with the pandemic (COVID),no,no,no,yes,no,no,no,no,no,no,no,no,no
R_12xteUIHkmTqhwd,LA BONNE GESTION DE LA SANTÉ PUBLIQUE,no,yes,no,no,no,no,no,no,no,no,no,no,no
R_3KrrDY9SXEhsMw1,Who to vote for,no,no,no,no,no,no,yes,no,no,no,no,no,no
R_3RqK18TSsQD9KOm,I don't know,no,no,no,no,no,no,no,no,no,no,no,no,yes
R_XjKS5zHOP8UsKqd,Having a competent government,no,no,no,no,no,no,yes,no,no,no,no,no,no
R_1Kvd0CzRQe0d57G,transition énergétique,no,no,yes,no,no,no,no,no,no,no,no,no,no
R_zbX6fAb2ggkde5H,Relance economique,yes,no,no,no,no,no,no,no,no,no,no,no,no
R_1lcbRVKN9YzfJV7,a plan to fight covid 19 and preparation for future pandemics,no,no,no,yes,no,no,no,no,no,no,no,no,no
R_3oHNFn9xCSKEdmy,Environment,no,no,yes,no,no,no,no,no,no,no,no,no,no
R_bORLU4bybRYpbWx,Debt,yes,no,no,no,no,no,no,no,no,no,no,no,no
R_2txkZtF8TuEYPfo,How they will handle covid,no,no,no,yes,no,no,no,no,no,no,no,no,no
R_p5l28LDnOQUexKV,Covid19,no,no,no,yes,no,no,no,no,no,no,no,no,no
R_87HesT1wZJdJ8hH,Affordable housing,no,no,no,no,yes,no,no,no,no,no,no,no,no
R_1LNJYAesEBCTq89,No comment,no,no,no,no,no,no,no,no,no,no,no,no,yes
R_PGo6Tx2MPG3Q9WN,Getting rid of Justin Trudeau,no,no,no,no,no,no,yes,no,no,no,no,no,no
R_3hDVoXZ0ZNGm85j,deficit,yes,no,no,no,no,no,yes,no,no,no,no,no,no
R_1JPmoKTmWmIz6pk,Healthcare,no,yes,no,no,no,no,no,no,no,no,no,no,no
R_2ScuhJpzbqx3211,Economy,yes,no,no,no,no,no,no,no,no,no,no,no,no
R_RfQbp0sBe0sXXLX,Climate Change,no,no,yes,no,no,no,no,no,no,no,no,no,no
R_3Oia7YS0SuFki59,L'environnement,no,no,yes,no,no,no,no,no,no,no,no,no,no
R_cHkwX7o9l8y3o9r,Economy,yes,no,no,no,no,no,no,no,no,no,no,no,no
R_3DdnBXJFRqh8vfQ,La Pandemie,no,no,no,yes,no,no,no,no,no,no,no,no,no
R_tJPEqEsMGHxQ2MV,Se débarrasser de Trudeau,no,no,no,no,no,no,yes,no,no,no,no,no,no
R_1NlCC9fkYlX16rp,Racism human rights environment,no,no,yes,no,no,yes,no,no,no,no,yes,no,no
R_D8jZ4EVlkHWfiIV,COVID,no,no,no,yes,no,no,no,no,no,no,no,no,no
R_3gMLnF0BEa2HfxT,change,no,no,yes,no,no,no,no,no,no,no,no,no,no
R_2duQRaxmttl8P3y,the climate crisis,no,no,yes,no,no,no,no,no,no,no,no,no,no
R_1iaLWaUbFrWyi8n,Addressing climate change,no,no,yes,no,no,no,no,no,no,no,no,no,no
R_2AHlfcGb8NrWLpk,Climate emergency,no,no,yes,no,no,no,no,no,no,no,no,no,no
R_12Lo4UOesjisat8,Homelessness,no,no,no,no,yes,no,no,no,no,no,no,no,no
R_3hxy7EcX5oybvWU,Économie,yes,no,no,no,no,no,no,no,no,no,no,no,no
R_DHqBSw3qZUl9acp,Keeping our democracy,no,no,no,no,no,no,yes,no,no,no,no,no,no
R_eWGTY1asaJCtO5r,Our country's debt!!!,yes,no,no,no,no,no,no,no,no,no,no,no,no
R_3L1lZaUkIpAPEgD,avoir un gouvernement qui saura gérer le pays et non son égo,no,no,no,no,no,no,yes,no,no,no,no,no,no
R_yVkc69xQCtqnXA5,covid19,no,no,no,yes,no,no,no,no,no,no,no,no,no
R_27O7foduPRwP4Yf,Reshaping Care for Older Adults,no,yes,no,no,no,no,no,no,no,no,no,no,no
R_3MhexIeOnoeqlUf,Environment,no,no,yes,no,no,no,no,no,no,no,no,no,no
R_3nVoRo2VUla5ON7,climate change,no,no,yes,no,no,no,no,no,no,no,no,no,no
R_1CI8Fxvh0exDDON,la santé,no,yes,no,no,no,no,no,no,no,no,no,no,no
R_3n94I5XEsWbevcC,La gestion de l'économie en temps de crise,yes,no,no,no,no,no,no,no,no,no,no,no,no
R_1QMCdQARFteCQx4,Overcoming covid,no,no,no,yes,no,no,no,no,no,no,no,no,no
R_10OEBmuK2Dhf7cR,La covid,no,no,no,yes,no,no,no,no,no,no,no,no,no
R_bPLfJvpKOX2eEx3,Housing affordability,no,no,no,no,yes,no,no,no,no,no,no,no,no
R_1mjT4f33zeJNlHc,Urgence Sanitaire,no,no,no,yes,no,no,no,no,no,no,no,no,no
R_ZdvBtrFBGlhsAGB,CCB and support for the Middle Class,yes,no,no,no,no,no,no,no,no,yes,no,no,no
R_4VAPWiLOEKpdNSN,-99,no,no,no,no,no,no,no,no,no,no,no,no,yes
R_1ewSJahkAjmNGOJ,Climate change,no,no,yes,no,no,no,no,no,no,no,no,no,no
R_32WQKUd5qWtyiRK,senior citizen supports,no,yes,no,no,no,no,no,no,no,no,no,no,no
R_1DqCtfGuEli68k8,National Defense Procurement,no,no,no,no,no,no,no,no,no,no,no,yes,no
R_21ngbcXw3I3M69y,La santé,no,yes,no,no,no,no,no,no,no,no,no,no,no
R_da8aCGYxxL1kHip,-99,no,no,no,no,no,no,no,no,no,no,no,no,yes
R_sogOfxLtZ6Xg7pn,Covid,no,no,no,yes,no,no,no,no,no,no,no,no,no
R_1gSJC7Lg6HffPss,La sante,no,yes,no,no,no,no,no,no,no,no,no,no,no
R_usuPbFQpyERXe7f,aucune idee,no,no,no,no,no,no,no,no,no,no,no,no,yes
R_qFt5ZtX0FH3XPyN,Quality of Senior care facilities,no,yes,no,no,no,no,no,no,no,no,no,no,no
R_9z6tbrNPuXLpoOJ,More money for people on disabilty,no,yes,no,no,no,no,no,no,no,yes,no,no,no
R_31LXnC5k3UrFAAG,Global warming,no,no,yes,no,no,no,no,no,no,no,no,no,no
R_3JhnCpxicv947R8,Santé,no,yes,no,no,no,no,no,no,no,no,no,no,no
R_0vzvp6VvFOy8LGF,L’environnement,no,no,yes,no,no,no,no,no,no,no,no,no,no
R_u8v5HhuOgaSI9PP,Healthcare,no,yes,no,no,no,no,no,no,no,no,no,no,no
R_2wKqjre77SwIzVg,Job security,yes,no,no,no,no,no,no,no,no,no,no,no,no
R_1C2cRLpvfCx2wvw,Covid,no,no,no,yes,no,no,no,no,no,no,no,no,no
R_3nOybctALR5bHhz,Government accountability,no,no,no,no,no,no,yes,no,no,no,no,no,no
R_2CfTSHBQaKzFZsd,Climate Change,no,no,yes,no,no,no,no,no,no,no,no,no,no
R_WeTSHRDEO2tnCDf,Healthcare,no,yes,no,no,no,no,no,no,no,no,no,no,no
R_UA8v7nDugvrXNzX,Recovering economic,yes,no,no,no,no,no,no,no,no,no,no,no,no
R_3iW2nilHsibGmY1,Justin Trudeau's power grab,no,no,no,no,no,no,yes,no,no,no,no,no,no
R_3GE2A7GEV3HuNXu,Law & Order,no,no,no,no,no,no,no,no,yes,no,no,no,no
R_O1hFW9y38rKG0bn,Économie,yes,no,no,no,no,no,no,no,no,no,no,no,no
R_bf4rNYsbzqSOcuJ,nothing,no,no,no,no,no,no,no,no,no,no,no,no,yes
R_1QKS6NGmUIFjN7f,climate change,no,no,yes,no,no,no,no,no,no,no,no,no,no
R_3rHPxL3NreDtSs3,Pandemic response,no,no,no,yes,no,no,no,no,no,no,no,no,no
R_3rZZmerS63iL4zL,SENIOR CARE,no,yes,no,no,no,no,no,no,no,no,no,no,no
R_2qn1QxbmabddJgz,Indigenous matters and affordable housing,no,no,no,no,yes,yes,no,no,no,no,no,no,no
R_1KseQl36guwjGBH,Planet,no,no,yes,no,no,no,no,no,no,no,no,no,no
R_ZlTYeUOYu0rnOKd,système de santé,no,yes,no,no,no,no,no,no,no,no,no,no,no
R_295k9MpaTlvJrCg,Housing affordability,no,no,no,no,yes,no,no,no,no,no,no,no,no
R_z2QfjCJZS7kkZMt,Corruption,no,no,no,no,no,no,yes,no,no,no,no,no,no
R_PzcRycUNvZkadUt,Immigration,no,no,no,no,no,no,no,no,no,no,yes,no,no
R_1rqZOgVld6Xdk7L,Immigration,no,no,no,no,no,no,no,no,no,no,yes,no,no
R_2ZUpQaj2wNsaZYg,Le partage des compétences entre Quebec et Ottawa,no,no,no,no,no,no,no,yes,no,no,no,no,no
R_1g8sBpoNi0MHLek,Housing & climate change,no,no,yes,no,yes,no,no,no,no,no,no,no,no
R_3lSOsLuvGWCY5KG,Leadership lacking,no,no,no,no,no,no,yes,no,no,no,no,no,no
R_1kSUaKiSlxCIGFC,Healthcare,no,yes,no,no,no,no,no,no,no,no,no,no,no
R_31cm1j448SOaKZc,Economy recovery,yes,no,no,no,no,no,no,no,no,no,no,no,no
R_wO9Fcx6QpRp9Qjv,Economy,yes,no,no,no,no,no,no,no,no,no,no,no,no
R_A0eWcqsp1jhOlSF,Economy,yes,no,no,no,no,no,no,no,no,no,no,no,no
R_1pYUwMXKX0JxFuO,Dealing with COVID-19,no,no,no,yes,no,no,no,no,no,no,no,no,no
R_1py9s82lsEFhEKR,LES AUTOCHTONES,no,no,no,no,no,yes,no,no,no,no,no,no,no
R_2UbEBrsj5SoGBpP,To make my vote count,no,no,no,no,no,no,yes,no,no,no,no,no,no
R_1N8ELQQuVkGXuFn,Covid,no,no,no,yes,no,no,no,no,no,no,no,no,no
R_2eRPsRpk4zbgUS8,Climate change,no,no,yes,no,no,no,no,no,no,no,no,no,no
R_1luhE15Xxw8V2mg,Protection de l”environnement,no,no,yes,no,no,no,no,no,no,no,no,no,no
R_yIpQH3dPFLQzKff,Climate change,no,no,yes,no,no,no,no,no,no,no,no,no,no
R_12l6B4IsUk54HOi,Environmental Protection and Climate Change,no,no,yes,no,no,no,no,no,no,no,no,no,no
R_vDC1D79V9h8M9YB,Covid,no,no,no,yes,no,no,no,no,no,no,no,no,no
R_3IWxKlWFeOMmtQY,to find a good  leader,no,no,no,no,no,no,yes,no,no,no,no,no,no
R_1Dvvu5ReJ8aK6yV,Transparency,no,no,no,no,no,no,yes,no,no,no,no,no,no
R_20OLCKxlQ5podO5,Personal freedoms,no,no,no,no,no,no,no,no,yes,no,no,no,no
R_2WCi88GlSVQ2PET,Climate change,no,no,yes,no,no,no,no,no,no,no,no,no,no
R_2chFF118MjPUo55,Transparency,no,no,no,no,no,no,yes,no,no,no,no,no,no
R_1ILDuaaDK3QfZ4c,empêcher Trudeau de devenir majoritaire.,no,no,no,no,no,no,yes,yes,no,no,no,no,no
R_2VkaLn9NN8JSVVN,Youth Employment,yes,no,no,no,no,no,no,no,no,yes,no,no,no
R_2xxBNpfJN1NhMRu,Housing,no,no,no,no,yes,no,no,no,no,no,no,no,no
R_3KpYcRWv8mMXHGZ,Economy,yes,no,no,no,no,no,no,no,no,no,no,no,no
R_TtRhRLAKAgrbCiB,"Getting rid of a corrupt,entitled politicalparty",no,no,no,no,no,no,yes,no,no,no,no,no,no
R_2YVSRwneWSmGHT6,La gestion dès finances,yes,no,no,no,no,no,no,no,no,no,no,no,no
R_2CgehtT8rMZYlRQ,Le covid,no,no,no,yes,no,no,no,no,no,no,no,no,no
R_3OftaNwndBwIj6P,Income inequality and home affordability,yes,no,no,no,yes,no,no,no,no,no,no,no,no
R_1FCHuAT3cPkyB5t,Santé,no,yes,no,no,no,no,no,no,no,no,no,no,no
R_3lYL3J3AFI7qURO,Getting this pandemic under control,no,no,no,yes,no,no,no,no,no,no,no,no,no
R_9Hwi094tFtm5szL,living affordability,yes,no,no,no,yes,no,no,no,no,no,no,no,no
R_3MzCeFbQTJQRBSO,Santé et environnement,no,yes,yes,no,no,no,no,no,no,no,no,no,no
R_3NJb4T5nGNVpQkW,taxes,yes,no,no,no,no,no,no,no,no,no,no,no,no
R_qW19JRTHHDaBr8Z,Protection from the Coronavirus,no,no,no,yes,no,no,no,no,no,no,no,no,no
R_3jcAlFKJEqAuPb8,Les changements climatiques,no,no,yes,no,no,no,no,no,no,no,no,no,no
R_2fiZDMjFffu7EqG,Fiscal transparency,yes,no,no,no,no,no,yes,no,no,no,no,no,no
R_3lREnhDDNjTAlTH,Treat Western provinces like they are part of Canada,no,no,no,no,no,no,no,yes,no,no,no,no,no
R_NVX7s5okaKQfD5n,The cost of living,yes,no,no,no,no,no,no,no,no,no,no,no,no
R_3gOgH0I8F220zSR,Health care,no,yes,no,no,no,no,no,no,no,no,no,no,no
R_3CUyL0BriP4YnTS,climate change,no,no,yes,no,no,no,no,no,no,no,no,no,no
R_2ypSlhkdm5nhJ9l,bacic income implimentation,yes,no,no,no,no,no,no,no,no,yes,no,no,no
R_TtIrSEJqoDcoAEh,the environment,no,no,yes,no,no,no,no,no,no,no,no,no,no
R_10C6IrRdfStQzYo,Covid,no,no,no,yes,no,no,no,no,no,no,no,no,no
R_31bj1H1QwexDslB,A national dental program that covers cleaning and preventative measures,no,yes,no,no,no,no,no,no,no,yes,no,no,no
R_3KpaWKzdLa9j1aO,Poverty and social housing,no,no,no,no,yes,no,no,no,no,yes,no,no,no
R_3F2jUt99bTwjkKk,Environment,no,no,yes,no,no,no,no,no,no,no,no,no,no
R_3Ddw8mjAIvEPiF1,Covid 19 economic impacts,yes,no,no,yes,no,no,no,no,no,no,no,no,no
R_2PpNcw2WlfuyTM7,healthcare,no,yes,no,no,no,no,no,no,no,no,no,no,no
R_2PBjBhJmdLQd1Mx,Inflation,yes,no,no,no,no,no,no,no,no,no,no,no,no
R_2rDysrvvRvXLCaI,Inflation,yes,no,no,no,no,no,no,no,no,no,no,no,no
R_3lVy3bBCvonFyiV,Economic,yes,no,no,no,no,no,no,no,no,no,no,no,no
R_3oBkb34n9I53CRE,Debt,yes,no,no,no,no,no,no,no,no,no,no,no,no
R_29gIodP2UmEOeWd,Housing costs,no,no,no,no,yes,no,no,no,no,no,no,no,no
R_2Qs38Xqi3LNGavv,Environnement,no,no,yes,no,no,no,no,no,no,no,no,no,no
R_1LhwyfD3mdgzyoQ,Climate change,no,no,yes,no,no,no,no,no,no,no,no,no,no
R_0TdQAklnxx6lzmV,To much promisses,no,no,no,no,no,no,yes,no,no,no,no,no,no
R_3JKlSI01Ko7sToc,Economy,yes,no,no,no,no,no,no,no,no,no,no,no,no
R_3hrM3qVEdZbpLEh,mandatory vaccinations,no,yes,no,yes,no,no,no,no,no,no,no,no,no
R_3g6mrlPTdkXxZgN,Changement climatique,no,no,yes,no,no,no,no,no,no,no,no,no,no
R_3O7Gfphqr4fJajg,environnement,no,no,yes,no,no,no,no,no,no,no,no,no,no
R_2Yy3Luct6empC5K,Affordability,yes,no,no,no,yes,no,no,no,no,no,no,no,no
R_2y2yRcYqsre1fk6,Affordable Housing,no,no,no,no,yes,no,no,no,no,no,no,no,no
R_2c7pFSIVBHRDWEm,Economy,yes,no,no,no,no,no,no,no,no,no,no,no,no
R_1LBUwAEMjYxe5oV,hate carbon tax,no,no,yes,no,no,no,no,no,no,no,no,no,no
R_cHFWwuouScJRfBn,The Economy,yes,no,no,no,no,no,no,no,no,no,no,no,no
R_1JIqT0fD9sf4RXG,healthcare,no,yes,no,no,no,no,no,no,no,no,no,no,no
R_1hA39t9VPjRnyrN,Cost of living,yes,no,no,no,no,no,no,no,no,no,no,no,no
R_2TZvYA9LPV3qZfp,transparency,no,no,no,no,no,no,yes,no,no,no,no,no,no
R_2aLbszUgqBiV1Sg,a honest politician,no,no,no,no,no,no,yes,no,no,no,no,no,no
R_268AbhXrIcXms3u,COVID-19 et l’économie du pays ainsi que l’environnement,yes,no,yes,yes,no,no,no,no,no,no,no,no,no
R_2QLFiKvk0lBsUXI,Corruption,no,no,no,no,no,no,yes,no,no,no,no,no,no
R_1gcjGkMAR4xcbGB,L'environnement,no,no,yes,no,no,no,no,no,no,no,no,no,no
R_qIn6VASqNzhdrTH,SOCIAL AND ENVIRONMENTAL,no,no,yes,no,no,no,no,no,no,yes,no,no,no
R_R92a5cwg2Re6UVP,Covid,no,no,no,yes,no,no,no,no,no,no,no,no,no
R_12fOCXtAQqTxAmi,HEALTH CARE,no,yes,no,no,no,no,no,no,no,no,no,no,no
R_ZKSDNtTEEwh6xoZ,"recovery, both financial and social",yes,no,no,no,no,no,no,no,no,yes,no,no,no
R_2R3KSs9HHkydd13,The economy,yes,no,no,no,no,no,no,no,no,no,no,no,no
R_1I41fVyn4GN6H4F,Les finances,yes,no,no,no,no,no,no,no,no,no,no,no,no
R_3iJdr7xtJnzGVE4,Health,no,yes,no,no,no,no,no,no,no,no,no,no,no
R_r3AXDNpwMiIEQyB,Economy,yes,no,no,no,no,no,no,no,no,no,no,no,no
R_3M6zVCceRCI5rlx,Covid 19,no,no,no,yes,no,no,no,no,no,no,no,no,no
R_32JBMRBHpTKLnOk,Health,no,yes,no,no,no,no,no,no,no,no,no,no,no
R_1DC0ZdoukEVLBrq,Climate Change,no,no,yes,no,no,no,no,no,no,no,no,no,no
R_D2UdgbQ8Q7NsOhX,healthcare,no,yes,no,no,no,no,no,no,no,no,no,no,no
R_sHZM9r3q33SiFHP,Honest government,no,no,no,no,no,no,yes,no,no,no,no,no,no
R_Qaod6OeulTohifL,Healthcare,no,yes,no,no,no,no,no,no,no,no,no,no,no
R_3kNi6oXqCqTFtcF,not sure,no,no,no,no,no,no,no,no,no,no,no,no,yes
R_22J4CuFJwf3C5Zg,Honesty,no,no,no,no,no,no,yes,no,no,no,no,no,no
R_SOkCJJTF3MFVuVz,Relance économique,yes,no,no,no,no,no,no,no,no,no,no,no,no
R_31bmDFocjGBGaHS,how they are going to handle covid,no,no,no,yes,no,no,no,no,no,no,no,no,no
R_3HzEld52vK6c6yc,Get rid of Trudeau,no,no,no,no,no,no,yes,no,no,no,no,no,no
R_eVUuny5iEFaDV9n,"L environnement, réchauffement de la planète, le sytème de santé,",no,yes,yes,no,no,no,no,no,no,no,no,no,no
R_2zAVQUbJve1iTJi,Health care and cost of living especially For single moms,yes,yes,no,no,no,no,no,no,no,no,no,no,no
R_2b2XIolDGKd1kRq,Gérer la Covid 19,no,no,no,yes,no,no,no,no,no,no,no,no,no
R_2X54gVXeCn9dbTq,Climate change,no,no,yes,no,no,no,no,no,no,no,no,no,no
R_31yjneN0fAdjBrS,What changes will be made after the pandemic ends in terms of the health system and the economy,yes,yes,no,no,no,no,no,no,no,no,no,no,no
R_3G84mj754c0hmfM,Le souhait de Justin Trudeau d'avoir un gouvernement majoritaire,no,no,no,no,no,no,yes,yes,no,no,no,no,no
R_3k6VKhMyRIWGhaA,economic recovery from covid,yes,no,no,yes,no,no,no,no,no,no,no,no,no
R_2Xba1kVLvIw4klw,CLIMATE CHANGE,no,no,yes,no,no,no,no,no,no,no,no,no,no
R_3RlKmmgH6VsokrX,L'argent en science,yes,no,no,no,no,no,no,no,no,yes,no,no,no
R_BEbYaJg4H9w2rip,Immigration,no,no,no,no,no,no,no,no,no,no,yes,no,no
R_2Sc6kmsxIht2oEM,Environnement,no,no,yes,no,no,no,no,no,no,no,no,no,no
R_dgReXZv3oVBQAwh,financial accountability,no,no,no,no,no,no,yes,no,no,no,no,no,no
R_ZK8J9mYY9GFIIr7,Seniors,no,yes,no,no,no,no,no,no,no,no,no,no,no
R_1DSUVTW5No2Mh2U,Not sure,no,no,no,no,no,no,no,no,no,no,no,no,yes
R_1FQIQXa8Budd7xs,I don't like re'elections,no,no,no,no,no,no,yes,no,no,no,no,no,no
R_3gT8QCIDp2jEU9s,Health care,no,yes,no,no,no,no,no,no,no,no,no,no,no
R_TjaZ9kzCvPaQfV7,Économie,yes,no,no,no,no,no,no,no,no,no,no,no,no
R_OlKlrDBg4NC3Ra9,SPENDING,yes,no,no,no,no,no,yes,no,no,no,no,no,no
R_SAVj9Zf5U3lCgAV,Economy and inflation,yes,no,no,no,no,no,no,no,no,no,no,no,no
R_3M0xTfMF62ZNfqr,Environnement,no,no,yes,no,no,no,no,no,no,no,no,no,no
R_XzSvSScxLLpzNAt,human rights,no,no,no,no,no,no,no,no,yes,no,no,no,no
R_3PGleVEE1b9XZKs,Human rights,no,no,no,no,no,yes,no,no,yes,no,no,no,no
R_25FTePYypPTF8ni,Environment,no,no,yes,no,no,no,no,no,no,no,no,no,no
R_2OGB2CVpcIo7elS,Gestion de la pandémie,no,no,no,yes,no,no,no,no,no,no,no,no,no
R_3oTnHDRBVxoXi7D,Québec,no,no,no,no,no,no,no,yes,no,no,no,no,no
R_29idgE92HDKuE0O,euthenasia,no,yes,no,no,no,no,no,no,no,no,no,no,no
R_3GvbAEb9YrmgdSx,Climate change,no,no,yes,no,no,no,no,no,no,no,no,no,no
R_2tJQYBohWr8evtT,Housing,no,no,no,no,yes,no,no,no,no,no,no,no,no
R_3QXbyuhmYVdotec,"To help the needy, update the Federal pension to be able to survive with the cost of everything going up, we can't afford to live properly",yes,yes,no,no,no,no,no,no,no,yes,no,no,no
R_33m783KcIovmdVu,Ethics and competence,no,no,no,no,no,no,yes,no,no,no,no,no,no
R_tPTgoANUGHqGIGB,Climate change,no,no,yes,no,no,no,no,no,no,no,no,no,no
R_3I9VKzV2XgTDUaR,Climate Change,no,no,yes,no,no,no,no,no,no,no,no,no,no
R_2Sxazj4lg3CgcjP,economic recovery,yes,no,no,no,no,no,no,no,no,no,no,no,no
R_1DveLaFiKKGzxp2,Healthcare,no,yes,no,no,no,no,no,no,no,no,no,no,no
R_3k0QyccxNmryM2W,Climate change,no,no,yes,no,no,no,no,no,no,no,no,no,no
R_3Ldp9g1DbpVFroU,getting rid of Trudeau,no,no,no,no,no,no,yes,no,no,no,no,no,no
R_1ltuQCkBMqNJLAt,Housing,no,no,no,no,yes,no,no,no,no,no,no,no,no
R_3Ej27n75wYhF238,Freedom and liberties,no,no,no,no,no,no,yes,no,yes,no,no,no,no
R_2Cgk3Pfft3ZZib5,Financial stability and affordable housing,yes,no,no,no,yes,no,no,no,no,no,no,no,no
R_1IGUIAnX9hX4oYU,La protection de l’environnement et de nos droits,no,no,yes,no,no,no,no,no,no,no,no,no,no
R_25HGyG4yGlnqVyr,Economy,yes,no,no,no,no,no,no,no,no,no,no,no,no
R_2Uata3Ulat8XUyA,L'environnement,no,no,yes,no,no,no,no,no,no,no,no,no,no
R_2wad9Gy1fpE1r2X,La dette,yes,no,no,no,no,no,no,no,no,no,no,no,no
R_3iWpI6qss5IMiLe,Health care,no,yes,no,no,no,no,no,no,no,no,no,no,no
R_2bqMfUVZvJrrZ4d,coved 19,no,no,no,yes,no,no,no,no,no,no,no,no,no
R_2Qlbh79DYBbJhcJ,health care,no,yes,no,no,no,no,no,no,no,no,no,no,no
R_sUynyjewr9nJD4R,"Housing, homeless population, drug crisis and climate change",no,no,yes,no,yes,no,no,no,no,no,no,no,no
R_2UWa8xNV3kxgeEE,No squabbling among the candidates,no,no,no,no,no,no,yes,no,no,no,no,no,no
R_23dU36p7tn9BbEA,Economy,yes,no,no,no,no,no,no,no,no,no,no,no,no
R_1eWYqkJ6luL8xvy,"cost of health care for those (like me) with no insurance plan - cost of prescriptions, eye care, dental care etc",no,yes,no,no,no,no,no,no,no,no,no,no,no
R_wTznmBbtvoAEgJb,Reopening the economy,yes,no,no,no,no,no,no,no,no,no,no,no,no
R_3P4Z5yILRbxuOta,Universal basic income,yes,no,no,no,no,no,no,no,no,yes,no,no,no
R_1NymZUv1W0f4XK4,Covid,no,no,no,yes,no,no,no,no,no,no,no,no,no
R_30iOWHy0Ym9oXvs,post covid economic recovery,yes,no,no,yes,no,no,no,no,no,no,no,no,no
R_1GNzFDHRLPb6bRM,Biased news articles/false information,no,no,no,no,no,no,yes,no,no,no,no,no,no
R_3388Q83CYQ7Vs2i,No clue,no,no,no,no,no,no,no,no,no,no,no,no,yes
R_3nCSWQLpPVZGbIu,Climate change and environmental protection,no,no,yes,no,no,no,no,no,no,no,no,no,no
R_1OHL4ybMsko4anW,Environnement,no,no,yes,no,no,no,no,no,no,no,no,no,no
R_29jqyP2ZHjmTEIJ,Fiscal responsibility,yes,no,no,no,no,no,yes,no,no,no,no,no,no
R_3lQERW81DXpikN8,Fake news and western seperation,no,no,no,no,no,no,yes,yes,no,no,no,no,no
R_1FfcpXQ4DXlDROy,Pandemic,no,no,no,yes,no,no,no,no,no,no,no,no,no
R_1F9P5bSTU9fHawd,-99,no,no,no,no,no,no,no,no,no,no,no,no,yes
R_Di2z3r7jCHct1F7,the gradual loss of our basic rights and freedoms and the National Debt,yes,no,no,no,no,no,yes,no,no,no,no,no,no
R_1cUGinAc5nVpdVd,covid,no,no,no,yes,no,no,no,no,no,no,no,no,no
R_3JjW9P7OgyyIRwY,Life Affordability,yes,no,no,no,yes,no,no,no,no,no,no,no,no
R_2f3ugKUaWNZXHNb,Économie,yes,no,no,no,no,no,no,no,no,no,no,no,no
R_2OK3sZ7aNJyHGsB,Environnement,no,no,yes,no,no,no,no,no,no,no,no,no,no
R_3iLxe0mg7QByctm,La dette nationale,yes,no,no,no,no,no,no,no,no,no,no,no,no
R_ZK4leO5uU5J4uZz,immigration,no,no,no,no,no,no,no,no,no,no,yes,no,no
R_2c0mzWgM1iVmLfP,"Looking after the old, sick and disabled.",no,yes,no,no,no,no,no,no,no,no,no,no,no
R_XAlCkSCM1Hn7c0F,Les services offerts aux familles,no,no,no,no,no,no,no,no,no,yes,no,no,no
R_3oYpvjR1BoH4PdL,Environnement,no,no,yes,no,no,no,no,no,no,no,no,no,no
R_1hLoovV7SNlE355,large deficit,yes,no,no,no,no,no,no,no,no,no,no,no,no
R_2wHSWs5XqFJ2kpN,For the wealthy people to pay their proper share of taxes,yes,no,no,no,no,no,yes,no,no,no,no,no,no
R_3qU04VaCgzPF3QZ,Economie du pays,yes,no,no,no,no,no,no,no,no,no,no,no,no
R_p5TjYshLqNusBRD,Dette publique,yes,no,no,no,no,no,no,no,no,no,no,no,no
R_wTAqITry06adozv,UBI,yes,no,no,no,no,no,no,no,no,yes,no,no,no
R_25uUCbsw54KKSK3,needs to be supplied to each |Canadian equally.,no,no,no,no,no,no,no,no,no,yes,no,no,no
R_e3vScmopxYmtK49,ECONOMY,yes,no,no,no,no,no,no,no,no,no,no,no,no
R_2QzBR4RQz6di4o6,Housing,no,no,no,no,yes,no,no,no,no,no,no,no,no
R_1oFigbR4lYYk0b8,Don’t have one,no,no,no,no,no,no,no,no,no,no,no,no,yes
R_3FP4nLgfQAjrKvN,Continued proper management of Covid. Affordable housing,no,no,no,yes,yes,no,no,no,no,no,no,no,no
R_1qecren18ABHHtp,Climate change,no,no,yes,no,no,no,no,no,no,no,no,no,no
R_sd51Ikwtt5MZKiB,L’économie,yes,no,no,no,no,no,no,no,no,no,no,no,no
R_3MPBHonTdXhmtLt,Proportional Representation,no,no,no,no,no,no,yes,no,no,no,no,no,no
R_ONmVyY0sjK1tDb3,health care,no,yes,no,no,no,no,no,no,no,no,no,no,no
R_3snLul7NVEM47bb,Coronavirus and climate change,no,no,yes,yes,no,no,no,no,no,no,no,no,no
R_0p4Le02t7W4wfkt,Honesty,no,no,no,no,no,no,yes,no,no,no,no,no,no
R_264RWFFAq4bOqUU,debt,yes,no,no,no,no,no,no,no,no,no,no,no,no
R_1ow2t4v38RBnoY0,"With the Covid 19, it's not the time for election, a lot of people were not ready",no,no,no,yes,no,no,yes,no,no,no,no,no,no
R_3mfP30IDd1uzArN,Poverty and homelessness,no,no,no,no,yes,no,no,no,no,yes,no,no,no
R_PvAsUR4HjtTUQdH,Centralisation du gouvernement fédérale,no,no,no,no,no,no,yes,yes,no,no,no,no,no
R_3KPxnEigI5Kja6B,Affordable housing,no,no,no,no,yes,no,no,no,no,no,no,no,no
R_3s4XEzNLklGuYHI,Jobs,yes,no,no,no,no,no,no,no,no,no,no,no,no
R_272y1B3CGzhKxQx,Trust,no,no,no,no,no,no,yes,no,no,no,no,no,no
R_2Sc8jNgkE1Wbm6G,Housing prices,no,no,no,no,yes,no,no,no,no,no,no,no,no
R_2YJ3PSZ4rOcsqOp,Cost of living,yes,no,no,no,no,no,no,no,no,no,no,no,no
R_1DHaAkJXCVmVTLC,Dealing with the pandemic and the naysayers,no,no,no,yes,no,no,no,no,no,no,no,no,no
R_2B8RZDiiGg165el,Liberty,no,no,no,no,no,no,no,no,no,no,no,no,no
R_2S05azghvttmYGO,economy,yes,no,no,no,no,no,no,no,no,no,no,no,no
R_2dhxNG6EkJMlGEm,Lutte aux changements climatiques,no,no,yes,no,no,no,no,no,no,no,no,no,no
R_2cbJx6JAwOJv5Ws,Economic Recovery,yes,no,no,no,no,no,no,no,no,no,no,no,no
R_2AXWJ12KYnx8GXI,Getting rid of covid,no,no,no,yes,no,no,no,no,no,no,no,no,no
R_2uVd79R8mCFpleF,covid vaxine requirements,no,no,no,yes,no,no,no,no,no,no,no,no,no
R_33lMvnXi8mZ2zTM,COVID,no,no,no,yes,no,no,no,no,no,no,no,no,no
R_1qeW6xUpYqD8xog,Climate action,no,no,yes,no,no,no,no,no,no,no,no,no,no
R_1pzALKt8ocg8b4K,Soins de santé,no,yes,no,no,no,no,no,no,no,no,no,no,no
R_1kFzsxoxuZKMxtL,fighting racism,no,no,no,no,no,no,no,no,no,no,yes,no,no
R_2BhScSOHv7K3lSr,Climate change,no,no,yes,no,no,no,no,no,no,no,no,no,no
R_28LO09x3kkD9hF6,Economy,yes,no,no,no,no,no,no,no,no,no,no,no,no
R_1pEVVUrJmkBByhi,OSAP funding and health care,no,yes,no,no,no,no,no,no,no,yes,no,no,no
R_1d9XIpIfmdhyaLj,Housing,no,no,no,no,yes,no,no,no,no,no,no,no,no
R_OCNmPvp2mDqjTkl,unsure,no,no,no,no,no,no,no,no,no,no,no,no,yes
R_7Ny98ZRGk0jYtDX,"Housing, homelessness, environment",no,no,yes,no,yes,no,no,no,no,no,no,no,no
R_OveKHAOOLjXHTfX,Que les droits de la personnes soit respecté.,no,no,no,no,no,no,yes,no,no,no,no,no,no
R_3mmcs4WG51wWI7O,Mental health,no,yes,no,no,no,no,no,no,no,no,no,no,no
R_1Iy1DiOPqbyFgxC,Housing prices,no,no,no,no,yes,no,no,no,no,no,no,no,no
R_7NvJWlysE4kk797,Je ne sais pas,no,no,no,no,no,no,no,no,no,no,no,no,yes
R_XzDUQTZ2Fei3u1P,Economy,yes,no,no,no,no,no,no,no,no,no,no,no,no
R_1JPgH49B4qDVw2O,That seniors be looked after financially as well as immigrates that come into the country.  Why immigrates should be able to collect more money than a Canadian who has put in their years of work and if and when they get a increase in the old age pension it is pennies on the dollar. Also the Federal Government should be made to pay back the money that they took from Canadian as it was not their money to take.  In whole senior's are not been treated fairly nor are all the people contributing to Canada Pension.,no,yes,no,no,no,no,yes,no,no,no,yes,no,no
R_wQQsdIldCiqdKrT,Housing,no,no,no,no,yes,no,no,no,no,no,no,no,no
